"Reference","Value","Exclude from BOM","Distributer Link","Part Number"
"C2,C8","10uF","","https://www.ozdisan.com/p/smt-smd-ve-mlcc-kapasitorler-184/murata-grm31cr71e106ka12l-737435","GRM31CR71E106KA12L"
"C3,C4","20pF","","https://www.ozdisan.com/p/smt-smd-ve-mlcc-kapasitorler-184/yageo-cc0603jrnpo9bn200-747236","CC0603JRNPO9BN200"
"C5,C10,C13","2.2uF","","https://www.ozdisan.com/p/smt-smd-ve-mlcc-kapasitorler-184/murata-grt155c81a225me13d-624222","GRT155C81A225ME13D"
"C6","10uF","","https://www.ozdisan.com/p/tantal-kapasitorler-178/kyocera-avx-tajr106k006rnj-621753","TAJR106K006RNJ"
"C7,C9,C11,C12","10uF","","https://www.ozdisan.com/p/smt-smd-ve-mlcc-kapasitorler-184/murata-grt188c81c106me13d-732963","GRT188C81C106ME13D"
"C14,C15","22uF","","https://www.ozdisan.com/p/smt-smd-ve-mlcc-kapasitorler-184/murata-grm188c80j226me15d-626270","GRM188C80J226ME15D"
"C28,C29,C31,C32,C33,C35,C40,C42,C45,C48","1uF","","https://www.ozdisan.com/p/smt-smd-ve-mlcc-kapasitorler-184/murata-grm155r61a105ke15d-480735","GRM155R61A105KE15D"
"C30","10uF","","https://www.ozdisan.com/p/smt-smd-ve-mlcc-kapasitorler-184/murata-gcm21br71a106ke22l-737322","GCM21BR71A106KE22L"
"C34","1uF","","https://www.ozdisan.com/p/smt-smd-ve-mlcc-kapasitorler-184/murata-grm155r61a105ke15d-480735",""
"C36,C37,C38,C41,C43,C44,C56,C58,C59,C60,C61,C62,C63,C64,C65,C66,C67,C68,C69","100nF","","https://www.ozdisan.com/p/smt-smd-ve-mlcc-kapasitorler-184/murata-grm155r71c104ka88d-423396","GRM155R71C104KA88D"
"C39","100nF","","https://www.ozdisan.com/p/smt-smd-ve-mlcc-kapasitorler-184/murata-grm155r71c104ka88d-423396",""
"D2","RED_LED","","https://www.ozdisan.com/p/sinyal-ledler-tek-renkli-361/kingbright-aphhs1005surck-708179","APHHS1005SURCK"
"D4","RED_LED","","https://www.ozdisan.com/p/sinyal-ledler-tek-renkli-361/everlight-27-21-r6c-ap1q2b-3c-602569","27-21/R6C-AP1Q2B/3C  "
"D5","GREEN_LED","","https://www.ozdisan.com/p/sinyal-ledler-tek-renkli-361/honglitronic-hl-pst-1608u51gc-471660","HL-PST-1608U51GC  "
"D6","BLUE_LED","","https://www.ozdisan.com/p/sinyal-ledler-tek-renkli-361/honglitronic-hl-pst-1608h203bc-471659","HL-PST-1608H203BC  "
"D10","PTVS5V0P1UP","","https://tr.farnell.com/nexperia/ptvs5v0p1up-115/diode-tvs-uni-5v-600w-sod128/dp/1859896","PTVS5V0P1UP,115"
"FB1,FB2,FB3","FerriteBead","","https://www.ozdisan.com/p/bead-feritler-469/murata-blm21pg331sn1d-413955",""
"J1","Micro_SD_Card","","","473521001"
"J2","Conn_01x05","","https://www.ozdisan.com/p/pcb-konnektorler-310/molex-molex-0532610671-485614",""
"J3","Conn_01x06","","",""
"J7,J8","Conn_01x04","","",""
"J9","USB4105-GF-A-120","","https://www.ozdisan.com/p/usb-konnektorler-357/gct-usb4105-gf-a-120-978727?s=USB4105-GF-A-120",""
"J10","Conn_01x04","","",""
"J11,J13","Conn_01x06","","",""
"J12,J14","Conn_01x03","","",""
"L1","3.3uH","","https://tr.farnell.com/wurth-elektronik/744043003/inductor-3-3uh-30-2-15a-power/dp/1890604","744043003"
"MT1","ICM-42688-P","","","ICM-42688-P"
"R1","47Ω","","https://www.ozdisan.com/p/smt-smd-ve-cip-direncler-194/panasoniceurope-erj2rkf47r0x-614696","ERJ2RKF47R0X"
"R2","30k","","","ERJ2RKF3002X"
"R4,R9,R23,R24,R25,R26","2.2K","","https://www.ozdisan.com/p/smt-smd-ve-cip-direncler-194/yageo-ac0402jr-072k2l-650156","AC0402JR-072K2L  "
"R5,R13","5.1k","","https://www.ozdisan.com/p/smt-smd-ve-cip-direncler-194/panasoniceurope-erj2rkf5101x-1046672","ERJ2RKF5101X"
"R6,R11,R12,R14","1k","","https://www.ozdisan.com/p/smt-smd-ve-cip-direncler-194/royalohm-hp02waf1001tce-603902","HP02WAF1001TCE"
"R7,R8,R27","10kΩ","","https://www.ozdisan.com/p/smt-smd-ve-cip-direncler-194/panasoniceurope-erj3ekf1002v-609872","ERJ3EKF1002V"
"R10","10kΩ","","https://www.ozdisan.com/p/smt-smd-ve-cip-direncler-194/royalohm-0402wgj0103tce-362331",""
"R16,R18,R32,R33,R34","150","","https://www.ozdisan.com/p/smt-smd-ve-cip-direncler-194/royalohm-hp03w5f1500t5e-604025",""
"R19,R20,R21,R22,R28,R29,R30,R31","150","","https://www.ozdisan.com/p/smt-smd-ve-cip-direncler-194/royalohm-hp03w5f1500t5e-604025","HP03W5F1500T5E"
"R35","32k5","","https://www.ozdisan.com/p/smt-smd-ve-cip-direncler-194/royalohm-0402wgf3242tce-506352","0402WGF3242TCE"
"R37,R40","9.76k","","https://www.ozdisan.com/p/smt-smd-ve-cip-direncler-194/royalohm-0402wgf9761tce-506310","0402WGF9761TCE"
"R39,R42","49k9","","https://www.ozdisan.com/p/smt-smd-ve-cip-direncler-194/panasoniceurope-erj2rkf4992x-621356","ERJ2RKF4992X"
"R41","33.2k","","https://www.ozdisan.com/p/smt-smd-ve-cip-direncler-194/panasoniceurope-erj2rkf3322x-1051210","ERJ2RKF3322X"
"SW1","SW_SPDT","","https://www.e-komponent.com/arama?q=spdt+&category=297",""
"SW2","SW_Push","","https://www.ozdisan.com/p/tact-sivicler-485/littelfuse-ck-kmr731ng-lfs-1022390?s=KMR731NG",""
"U1","TPS562200","","",""
"U2","AP2112K-3.3TRG1","","https://www.ozdisan.com/p/lineer-voltaj-regulatorleri-279/diodes-ap2112k-3-3trg1-588305?srsltid=AfmBOoqXYXDlv_ckKLHRGtcAgoJ5nwplBKTAMcENhz0lCjGaWEKcP1e6",""
"U3","MS5611-01BA","","","MS5611-01BA"
"U4","TPD2EUSB30DRTR","","",""
"U7","STM32H743VIT6","","","STM32H743VIT6"
"U8","TPS2121RUXR","","",""
"Y1","25MHz","","https://www.ozdisan.com/p/osilatorler-510/raltron-com1305-25-000-ext-t-tr-341639",""
